id,salary
4,0
6,0
11,1
15,1
21,0
22,0
34,0
38,0
41,1
42,0
45,1
55,0
63,0
67,0
71,1
78,0
80,1
87,1
96,0
98,1
103,0
106,1
107,0
112,1
116,1
118,0
119,0
126,1
129,1
134,1
145,0
147,1
148,1
150,0
155,0
162,0
171,0
175,1
179,1
180,1
185,0
187,0
191,1
194,0
196,0
197,1
198,0
201,1
204,1
205,1
214,0
215,0
220,1
227,1
230,0
232,1
235,0
238,0
244,0
247,0
259,0
260,1
265,0
268,0
273,0
278,1
290,1
294,0
297,0
309,1
310,1
311,0
318,1
320,0
324,0
326,0
328,0
331,0
342,0
345,0
351,0
353,0
355,1
357,1
359,0
371,0
381,0
411,0
416,0
423,0
424,0
427,0
430,1
445,1
451,0
462,1
474,0
479,0
484,0
497,0
503,0
505,1
508,0
511,0
520,0
531,0
541,1
547,0
548,0
556,0
559,0
566,1
576,1
577,1
581,1
582,1
584,0
593,0
594,1
596,0
607,1
608,0
611,1
614,0
616,0
618,0
627,1
628,0
633,0
635,1
646,0
648,0
649,0
653,1
654,1
656,1
658,0
662,0
673,1
679,1
684,1
687,0
694,0
698,1
703,0
706,1
710,0
711,1
712,1
715,0
717,0
720,1
722,0
725,0
728,0
740,0
741,1
746,0
749,0
750,1
756,0
762,0
766,0
774,1
777,0
778,1
780,0
783,0
784,1
798,0
799,1
809,0
812,0
815,1
827,0
829,1
838,0
841,0
844,0
853,1
855,0
860,0
867,0
872,1
874,0
878,1
879,1
881,0
882,1
886,0
888,0
897,1
903,0
905,1
908,1
910,0
917,1
919,0
928,0
935,1
942,0
945,1
953,0
955,0
974,0
978,1
982,0
983,0
996,0
1001,1
1002,0
1006,1
1010,0
1012,1
1014,0
1015,1
1018,0
1023,0
1024,0
1044,0
1048,0
1054,1
1058,0
1068,1
1078,1
1080,0
1094,0
1101,1
1103,0
1104,0
1108,0
1113,1
1118,0
1123,0
1126,0
1132,0
1140,1
1141,1
1146,0
1156,0
1161,1
1166,0
1173,1
1182,1
1183,0
1185,0
1189,0
1191,0
1193,0
1203,0
1204,1
1215,0
1219,0
1220,0
1224,0
1226,1
1239,1
1242,0
1246,0
1257,1
1262,1
1276,0
1277,1
1284,0
1301,0
1302,0
1304,0
1308,0
1313,0
1314,1
1315,0
1319,1
1322,0
1332,0
1338,0
1339,0
1345,1
1350,0
1353,0
1356,0
1363,1
1365,0
1369,0
1371,1
1379,1
1384,1
1386,0
1389,1
1391,0
1397,0
1399,1
1405,1
1410,0
1411,1
1413,1
1416,0
1417,0
1419,0
1423,0
1437,1
1450,0
1453,0
1456,0
1464,1
1474,0
1475,0
1492,0
1503,0
1506,1
1507,1
1511,1
1514,0
1522,0
1527,0
1537,0
1556,1
1559,1
1560,0
1566,1
1567,1
1569,0
1588,0
1594,0
1595,0
1602,1
1617,0
1620,1
1623,0
1628,1
1629,1
1633,0
1634,0
1635,0
1636,0
1637,0
1638,0
1640,1
1646,0
1654,0
1661,1
1668,0
1670,0
1677,0
1680,1
1690,0
1696,0
1697,0
1700,0
1702,0
1708,1
1709,0
1711,0
1715,0
1720,1
1721,1
1722,0
1723,0
1728,1
1731,1
1734,0
1738,0
1744,0
1750,1
1752,1
1753,0
1755,1
1758,1
1761,1
1768,0
1770,1
1795,1
1801,0
1803,0
1804,1
1808,1
1810,0
1815,0
1827,0
1832,0
1846,1
1848,1
1849,0
1853,0
1855,0
1856,0
1868,1
1869,0
1870,0
1884,1
1886,0
1889,1
1891,0
1896,1
1904,1
1913,0
1918,1
1921,1
1929,1
1934,0
1945,1
1951,1
1959,0
1963,0
1964,0
1966,0
1970,1
1981,1
1989,0
1993,0
1997,0
1998,1
2006,1
2009,1
2010,0
2020,0
2024,1
2041,0
2043,1
2046,0
2047,1
2049,0
2051,0
2056,1
2057,0
2059,0
2063,1
2072,0
2078,0
2083,0
2092,0
2093,0
2094,0
2101,1
2103,1
2105,0
2116,0
2121,1
2125,0
2127,0
2128,0
2137,0
2138,0
2145,0
2146,0
2150,1
2151,1
2164,0
2166,0
2175,0
2182,0
2189,1
2194,1
2213,0
2217,0
2218,1
2221,1
2235,1
2247,1
2263,1
2268,1
2270,1
2278,1
2280,1
2281,0
2284,0
2287,0
2290,1
2307,0
2309,1
2310,1
2314,1
2316,1
2317,0
2340,1
2347,0
2353,1
2354,0
2356,0
2380,0
2383,0
2393,0
2394,0
2404,1
2418,0
2419,1
2420,0
2424,1
2426,0
2428,1
2430,0
2433,0
2437,1
2441,1
2442,0
2445,1
2449,0
2455,0
2459,0
2460,1
2464,1
2470,1
2471,0
2474,1
2483,1
2488,0
2490,0
2499,0
2500,0
2515,0
2520,0
2524,1
2527,0
2539,0
2542,0
2546,0
2556,0
2559,0
2563,1
2574,1
2584,0
2591,1
2600,0
2602,0
2613,0
2614,0
2620,0
2628,1
2629,0
2637,0
2643,0
2645,0
2646,0
2654,0
2655,0
2662,1
2663,1
2664,1
2678,0
2681,0
2683,0
2690,1
2698,0
2701,1
2704,0
2720,1
2721,0
2736,1
2737,0
2738,1
2740,0
2742,0
2746,0
2754,0
2756,0
2759,0
2780,0
2787,1
2795,1
2796,0
2802,1
2809,1
2811,0
2813,0
2814,0
2819,0
2820,0
2826,1
2829,1
2832,0
2833,1
2834,0
2841,0
2846,1
2848,0
2850,0
2852,0
2855,0
2859,0
2861,0
2864,0
2867,0
2870,0
2881,0
2883,1
2889,1
2894,1
2903,1
2911,1
2913,1
2919,0
2920,0
2927,0
2928,0
2929,1
2930,1
2931,0
2938,0
2945,1
2946,0
2948,0
2956,0
2958,0
2959,0
2960,0
2965,0
2971,0
2973,0
2977,0
2979,0
2981,0
2982,0
2987,1
2990,0
2998,1
3000,0
3005,0
3012,0
3014,0
3018,1
3023,0
3027,1
3030,1
3039,0
3040,1
3051,0
3052,0
3053,0
3057,0
3058,0
3061,1
3067,0
3076,1
3077,1
3083,0
3085,1
3088,1
3092,0
3093,1
3098,0
3104,0
3107,0
3109,0
3113,0
3120,0
3121,1
3126,0
3131,1
3135,0
3143,0
3144,0
3148,1
3152,0
3153,0
3154,1
3159,0
3163,1
3167,0
3168,0
3171,1
3172,0
3175,0
3180,0
3184,0
3194,1
3196,0
3197,0
3204,0
3215,0
3235,0
3241,0
3242,1
3243,0
3244,0
3247,1
3248,0
3251,0
3262,0
3267,0
3272,0
3274,0
3275,0
3276,1
3282,0
3287,1
3293,0
3296,0
3305,0
3307,0
3309,0
3313,1
3315,0
3316,0
3320,0
3346,1
3347,1
3362,0
3367,0
3371,0
3377,1
3379,0
3380,1
3383,0
3386,0
3391,1
3414,0
3420,0
3426,0
3430,0
3436,0
3445,0
3454,0
3467,1
3471,1
3472,0
3479,1
3482,0
3484,0
3508,0
3514,0
3515,0
3517,1
3518,0
3521,1
3525,0
3538,1
3539,0
3540,0
3546,1
3556,0
3558,0
3561,1
3562,1
3567,0
3570,1
3577,1
3579,0
3585,0
3596,0
3597,1
3603,0
3610,0
3614,0
3615,1
3628,0
3635,0
3636,1
3638,0
3644,0
3650,0
3652,0
3661,1
3663,1
3667,0
3670,0
3672,0
3677,0
3688,0
3689,0
3691,1
3692,1
3694,1
3698,0
3713,1
3714,1
3715,0
3717,1
3719,0
3738,0
3744,0
3748,1
3754,1
3756,0
3768,0
3771,0
3774,0
3779,1
3784,1
3804,0
3826,0
3830,1
3835,0
3838,0
3840,0
3847,0
3848,1
3858,1
3860,1
3869,0
3887,1
3889,1
3897,1
3902,0
3905,0
3919,0
3921,0
3929,0
3936,0
3939,1
3944,0
3945,1
3958,0
3959,0
3965,1
3969,0
3980,0
3981,1
3986,0
3989,1
3991,1
3992,0
3994,0
4003,0
4014,0
4021,0
4026,0
4032,0
4036,0
4038,0
4041,0
4053,0
4056,1
4067,0
4073,0
4075,0
4088,1
4105,0
4109,0
4115,1
4119,0
4120,1
4121,1
4124,1
4128,1
4129,0
4136,0
4137,1
4145,0
4151,0
4159,1
4165,0
4166,1
4169,0
4174,0
4187,0
4188,1
4198,0
4199,0
4204,0
4209,0
4214,0
4217,0
4220,0
4223,0
4225,0
4237,0
4243,0
4245,0
4247,1
4252,0
4253,0
4258,1
4265,0
4266,0
4269,1
4270,0
4274,1
4275,1
4279,1
4290,0
4298,1
4301,0
4303,0
4304,0
4310,0
4316,1
4321,0
4322,1
4326,0
4335,0
4342,1
4345,0
4351,0
4367,0
4381,0
4391,0
4397,0
4403,0
4405,0
4422,1
4423,1
4424,1
4425,0
4426,0
4427,0
4432,0
4435,0
4437,1
4454,0
4455,0
4457,1
4462,1
4474,0
4475,0
4488,0
4490,0
4493,1
4494,1
4497,0
4498,0
4510,0
4515,0
4521,0
4531,1
4532,0
4534,0
4537,0
4543,1
4552,0
4558,0
4567,0
4572,0
4577,0
4586,1
4592,0
4594,0
4596,0
4597,0
4599,0
4602,1
4605,1
4606,0
4610,1
4614,1
4617,0
4618,0
4619,0
4626,1
4637,1
4646,0
4648,1
4655,0
4662,0
4663,0
4664,0
4672,1
4673,0
4678,1
4680,0
4681,0
4686,1
4687,0
4694,0
4695,0
4702,0
4706,0
4709,1
4715,0
4721,0
4727,0
4730,1
4732,1
4734,0
4739,0
4740,0
4746,1
4755,1
4757,0
4759,0
4760,0
4769,0
4775,0
4778,1
4785,1
4787,1
4793,0
4795,0
4800,0
4803,0
4806,0
4808,0
4809,0
4812,1
4813,0
4815,0
4820,1
4824,0
4825,0
4852,0
4855,1
4857,1
4863,1
4864,0
4866,1
4867,0
4871,0
4875,0
4881,1
4886,0
4890,0
4897,0
4905,0
4910,0
4914,0
4916,1
4919,1
4922,0
4937,1
4938,1
4941,0
4943,0
4944,1
4952,1
4953,0
4958,1
4965,0
4974,0
4979,1
4980,1
4996,1
4998,1
5004,0
5007,1
5012,0
5014,0
5017,0
5024,1
5035,0
5040,0
5046,0
5047,0
5053,0
5060,1
5063,0
5075,0
5079,0
5081,1
5089,1
5092,0
5095,1
5099,0
5100,0
5102,0
5103,0
5107,0
5111,1
5120,0
5123,1
5125,1
5130,1
5132,1
5137,1
5138,0
5140,0
5146,1
5153,0
5157,1
5161,0
5165,1
5166,0
5167,1
5176,1
5182,0
5183,0
5186,0
5192,0
5194,0
5198,0
5199,1
5202,0
5203,0
5208,0
5209,0
5215,1
5224,1
5234,1
5239,1
5248,1
5252,0
5254,0
5265,1
5267,1
5269,0
5272,0
5274,0
5277,0
5280,1
5284,0
5286,0
5313,0
5322,1
5330,0
5331,0
5332,1
5340,0
5346,0
5357,0
5362,1
5368,0
5377,1
5378,0
5389,0
5394,0
5398,0
5412,0
5418,0
5425,0
5428,0
5437,1
5445,1
5450,0
5453,1
5454,0
5456,1
5459,0
5465,0
5466,0
5477,1
5490,0
5491,0
5492,0
5499,1
5500,0
5501,1
5502,0
5503,1
5504,0
5509,0
5516,0
5518,0
5523,1
5526,1
5531,0
5533,0
5534,1
5540,1
5541,0
5542,1
5546,0
5552,1
5562,0
5564,0
5565,0
5568,0
5575,0
5580,0
5584,0
5590,0
5601,0
5602,1
5609,0
5611,0
5615,0
5623,0
5634,0
5640,0
5643,0
5645,1
5649,0
5664,1
5680,1
5681,0
5683,0
5694,0
5701,0
5709,0
5717,1
5719,1
5722,1
5728,1
5736,0
5742,1
5766,1
5767,1
5770,0
5795,0
5802,1
5807,0
5815,0
5820,0
5821,0
5827,0
5829,0
5831,1
5833,0
5834,0
5838,1
5840,1
5843,0
5845,0
5846,0
5848,0
5862,0
5863,1
5864,0
5866,1
5872,0
5873,0
5876,0
5882,1
5885,0
5888,0
5896,0
5899,0
5900,0
5909,0
5910,0
5911,0
5912,0
5913,0
5918,1
5920,0
5924,0
5930,0
5937,0
5940,1
5942,0
5950,0
5971,1
5978,1
5982,0
5983,0
5984,0
5985,0
5987,0
5991,0
5995,0
6000,0
6015,0
6019,1
6020,0
6023,1
6030,0
6048,0
6056,0
6058,0
6060,1
6064,0
6069,0
6071,1
6074,0
6076,1
6077,0
6079,1
6094,0
6100,0
6101,0
6110,0
6112,0
6120,0
6131,1
6133,0
6135,0
6147,0
6151,0
6166,1
6172,0
6180,0
6184,1
6199,0
6214,0
6216,0
6218,1
6225,1
6226,0
6232,0
6237,0
6244,1
6250,0
6253,1
6257,0
6268,0
6272,0
6274,0
6279,1
6285,0
6288,0
6300,0
6307,0
6310,0
6316,0
6322,1
6327,1
6334,0
6339,1
6342,1
6344,1
6346,1
6356,0
6363,0
6366,0
6367,1
6370,0
6375,0
6377,0
6379,0
6388,0
6397,1
6402,0
6405,0
6410,1
6416,1
6422,0
6423,1
6450,0
6456,0
6460,0
6461,0
6464,1
6467,1
6476,0
6478,1
6480,0
6483,0
6485,1
6487,0
6488,0
6494,0
6496,0
6501,0
6502,1
6512,0
6527,0
6532,1
6535,1
6544,1
6547,0
6553,0
6559,1
6571,0
6582,0
6584,1
6585,1
6594,0
6598,0
6605,0
6611,0
6612,1
6617,1
6619,0
6623,0
6624,0
6634,0
6644,0
6645,0
6646,0
6648,0
6654,1
6657,0
6659,1
6660,0
6688,0
6693,0
6699,0
6702,0
6705,0
6711,0
6713,1
6726,1
6736,0
6740,0
6741,1
6746,1
6758,0
6761,1
6773,0
6774,1
6775,0
6780,0
6786,0
6787,0
6788,1
6791,1
6792,0
6800,0
6809,1
6813,0
6819,0
6825,1
6827,0
6829,0
6830,0
6832,0
6835,1
6837,0
6839,1
6840,1
6843,0
6853,1
6856,0
6857,0
6862,1
6866,0
6877,1
6882,0
6890,0
6893,0
6896,0
6899,1
6914,0
6920,0
6923,0
6934,0
6937,0
6938,0
6940,1
6942,1
6943,0
6944,0
6946,0
6947,0
6948,0
6954,0
6967,1
6969,0
6982,0
6985,1
6988,0
6989,1
6990,1
6998,1
7006,0
7008,0
7014,0
7017,1
7020,0
7021,0
7026,0
7030,0
7031,0
7038,1
7041,0
7042,0
7044,0
7046,1
7049,0
7050,0
7054,0
7063,0
7065,0
7068,0
7071,0
7079,1
7084,0
7085,1
7089,0
7092,0
7094,0
7096,1
7110,0
7113,1
7115,1
7119,1
7124,0
7127,0
7130,1
7131,1
7136,0
7144,1
7152,0
7160,0
7166,0
7168,1
7172,0
7176,1
7178,1
7190,1
7210,0
7211,0
7212,1
7216,0
7221,0
7222,1
7223,0
7225,1
7230,1
7235,0
7237,0
7241,0
7244,0
7249,0
7256,0
7259,0
7260,0
7264,0
7265,0
7270,0
7278,0
7288,0
7295,0
7297,0
7300,0
7301,1
7306,0
7316,0
7318,0
7331,0
7339,1
7360,1
7364,1
7370,0
7373,1
7382,1
7385,1
7394,0
7395,1
7397,0
7398,0
7399,0
7400,1
7409,0
7422,0
7426,1
7429,0
7438,0
7442,0
7444,0
7451,0
7452,0
7453,1
7463,0
7465,0
7468,1
7471,1
7472,0
7474,0
7475,1
7480,0
7490,1
7493,1
7496,0
7499,1
7518,1
7519,0
7525,0
7534,1
7548,0
7551,1
7554,0
7557,0
7560,0
7563,0
7565,1
7566,0
7568,1
7570,0
7572,0
7574,0
7577,1
7584,0
7592,0
7603,1
7613,0
7624,1
7625,0
7627,0
7642,0
7643,1
7652,1
7668,1
7679,1
7680,0
7681,1
7683,0
7696,0
7699,0
7700,0
7714,0
7716,0
7721,1
7727,1
7738,1
7747,0
7749,1
7760,1
7763,1
7767,0
7772,0
7773,0
7780,0
7782,0
7785,0
7787,0
7789,0
7792,0
7796,1
7798,0
7803,1
7812,1
7814,0
7823,1
7824,0
7828,1
7833,0
7834,1
7836,0
7838,0
7841,0
7848,0
7857,1
7858,0
7865,1
7879,0
7886,0
7893,1
7894,0
7899,0
7905,0
7907,1
7912,0
7913,0
7914,1
7916,0
7923,0
7932,1
7936,0
7943,0
7947,0
7948,0
7958,0
7962,1
7965,0
7966,0
7969,0
7971,1
7973,0
7977,0
7983,0
7995,0
7998,1
8007,0
8015,1
8027,0
8037,0
8049,1
8050,1
8053,0
8060,0
8064,1
8071,1
8087,1
8088,0
8092,0
8094,1
8098,0
8104,0
8105,0
8107,0
8110,0
8115,1
8118,1
8122,0
8124,0
8130,1
8139,1
8144,1
8146,0
8150,0
8152,0
8161,0
8173,1
8176,0
8177,1
8178,0
8182,1
8183,1
8189,0
8190,1
8196,0
8197,1
8198,0
8200,0
8205,0
8206,0
8210,0
8211,1
8218,1
8222,0
8236,1
8237,1
8240,0
8243,0
8247,0
8252,1
8254,1
8255,1
8260,0
8270,0
8274,0
8275,0
8276,1
8280,0
8283,1
8284,0
8290,0
8291,1
8296,0
8302,0
8304,1
8309,0
8310,0
8325,0
8336,0
8338,1
8339,1
8356,0
8359,0
8362,1
8363,0
8364,0
8367,0
8368,1
8369,1
8372,0
8373,1
8375,0
8378,0
8380,0
8383,1
8389,0
8395,1
8396,0
8397,1
8403,0
8410,1
8412,1
8421,0
8424,1
8432,0
8442,0
8445,0
8450,0
8451,1
8456,0
8460,0
8461,0
8463,1
8473,1
8481,0
8486,1
8488,1
8490,0
8492,1
8495,0
8501,1
8512,1
8513,1
8514,1
8521,0
8523,1
8527,0
8530,0
8531,0
8537,0
8542,0
8557,0
8560,1
8582,0
8588,0
8590,0
8594,0
8601,1
8614,1
8615,0
8618,0
8621,1
8630,1
8632,1
8635,0
8642,1
8648,0
8650,1
8651,0
8653,1
8660,1
8666,1
8674,1
8676,1
8681,0
8688,0
8692,0
8695,0
8698,0
8709,0
8713,0
8723,0
8726,0
8727,0
8733,1
8736,0
8739,0
8748,0
8760,0
8766,0
8775,0
8783,1
8784,0
8790,0
8791,1
8796,1
8798,0
8810,0
8812,0
8819,0
8830,0
8833,0
8834,0
8835,0
8837,1
8841,0
8847,1
8850,1
8854,0
8855,1
8862,0
8867,1
8873,0
8878,0
8886,0
8889,0
8891,0
8897,0
8903,0
8914,0
8921,0
8929,0
8933,0
8945,1
8951,0
8956,0
8971,0
8974,0
8980,1
8981,0
8982,0
8991,0
8999,1
9007,0
9017,0
9020,1
9026,0
9032,0
9035,0
9037,0
9041,1
9045,0
9055,1
9056,0
9057,1
9064,0
9066,0
9072,1
9078,1
9079,0
9088,0
9091,0
9096,1
9098,0
9099,1
9100,0
9101,0
9103,0
9112,1
9118,1
9127,0
9131,1
9132,0
9140,0
9142,0
9149,0
9152,0
9159,1
9160,0
9172,0
9173,0
9180,0
9182,1
9186,0
9190,1
9192,1
9194,1
9199,1
9210,1
9217,0
9219,0
9230,0
9247,0
9248,1
9255,0
9262,0
9265,0
9269,0
9280,0
9281,0
9282,0
9287,1
9288,0
9294,0
9296,0
9297,1
9301,0
9305,0
9308,0
9318,1
9323,0
9327,0
9329,0
9330,1
9331,1
9335,1
9344,0
9345,1
9348,0
9352,1
9356,0
9361,0
9363,0
9370,0
9379,0
9380,0
9388,0
9392,0
9397,1
9400,0
9403,1
9405,0
9415,0
9417,1
9423,0
9435,1
9447,1
9453,0
9454,0
9466,0
9470,1
9476,0
9496,1
9499,1
9504,1
9505,1
9507,0
9514,0
9519,1
9525,1
9527,0
9528,0
9529,0
9541,0
9546,1
9547,0
9549,0
9565,1
9566,1
9575,0
9581,0
9589,1
9602,0
9604,0
9606,0
9613,1
9614,0
9631,1
9635,1
9637,0
9645,0
9652,0
9660,1
9662,1
9676,1
9689,1
9693,1
9696,0
9698,1
9704,1
9706,0
9707,0
9717,0
9731,1
9735,1
9737,1
9743,0
9744,0
9747,0
9749,1
9754,0
9757,0
9760,1
9761,0
9764,1
9766,0
9767,0
9770,1
9776,0
9779,0
9802,0
9821,1
9825,0
9838,0
9851,1
9857,0
9858,0
9859,0
9862,0
9866,0
9871,1
9874,1
9877,1
9878,0
9891,0
9903,1
9910,0
9912,1
9919,1
9923,0
9926,1
9950,1
9957,1
9958,0
9960,1
9963,0
9964,1
9965,0
9966,0
9975,0
9982,0
9983,0
9985,0
9986,1
9990,0
10001,0
10017,0
10024,0
10026,0
10028,0
10030,0
10031,0
10034,1
10036,0
10037,0
10039,0
10043,0
10051,0
10060,0
10072,0
10080,1
10086,1
10088,0
10091,0
10093,0
10100,0
10102,0
10106,0
10110,0
10117,0
10124,1
10126,1
10128,1
10132,1
10133,1
10135,0
10140,0
10141,0
10149,0
10150,0
10158,0
10161,0
10175,1
10177,0
10186,0
10191,0
10193,1
10194,1
10206,1
10207,1
10208,1
10210,0
10226,0
10230,0
10232,0
10235,1
10237,0
10239,0
10259,1
10260,0
10262,0
10264,1
10268,0
10269,0
10270,0
10271,1
10277,1
10280,0
10281,0
10289,0
10299,0
10304,0
10307,0
10309,0
10310,0
10311,0
10316,0
10321,0
10334,1
10336,0
10337,1
10338,0
10341,1
10342,0
10346,1
10347,1
10349,0
10359,0
10361,0
10364,0
10376,0
10380,1
10383,1
10385,0
10388,0
10393,0
10410,0
10413,0
10417,0
10421,0
10428,0
10437,0
10442,0
10448,0
10449,1
10450,0
10464,1
10469,0
10473,0
10474,1
10476,1
10477,0
10485,0
10492,0
10500,1
10510,1
10511,0
10528,1
10543,1
10546,0
10548,0
10550,0
10553,1
10556,0
10557,1
10559,0
10565,0
10567,1
10569,1
10570,0
10572,0
10575,1
10580,0
10584,1
10600,0
10604,1
10606,0
10610,0
10614,0
10616,0
10617,1
10619,0
10623,0
10628,1
10643,0
10647,0
10659,0
10661,0
10664,0
10665,0
10670,0
10675,1
10693,1
10696,0
10698,0
10702,0
10710,0
10711,0
10716,1
10717,0
10722,0
10723,0
10735,1
10738,0
10741,0
10745,0
10751,1
10757,0
10770,1
10785,0
10788,0
10797,1
10800,0
10803,0
10810,0
10812,0
10813,1
10821,0
10833,0
10834,1
10846,1
10864,0
10865,0
10880,1
10884,0
10885,1
10888,0
10894,0
10897,0
10906,1
10908,1
10909,1
10920,1
10921,0
10922,0
10931,0
10934,1
10935,1
10937,0
10939,1
10945,0
10955,0
10972,0
10975,0
10998,0
11000,1
11004,0
11005,0
11021,0
11023,0
11025,0
11032,0
11036,1
11039,0
11042,0
11055,0
11058,0
11060,1
11061,0
11064,0
11071,0
11079,1
11083,0
11086,0
11093,1
11094,0
11105,1
11116,0
11125,0
11134,0
11141,0
11146,1
11154,0
11163,1
11188,0
11197,0
11214,1
11226,0
11229,0
11235,1
11239,1
11253,0
11264,0
11265,1
11270,1
11274,0
11279,0
11280,0
11304,1
11309,1
11311,0
11312,1
11315,1
11316,1
11321,0
11332,0
11334,0
11341,1
11350,0
11356,0
11357,1
11359,0
11361,0
11362,0
11363,1
11382,1
11384,0
11392,0
11393,0
11394,0
11397,0
11405,0
11406,0
11410,0
11417,0
11421,1
11425,0
11440,0
11441,1
11442,0
11458,0
11459,0
11462,0
11469,0
11470,0
11474,0
11479,0
11487,0
11489,0
11497,1
11504,0
11505,1
11512,0
11513,1
11516,0
11518,1
11525,1
11528,0
11533,0
11541,1
11542,0
11558,0
11563,0
11565,0
11571,1
11572,1
11595,0
11596,0
11601,1
11603,1
11616,0
11624,0
11625,0
11629,1
11630,0
11637,0
11639,0
11641,0
11646,0
11657,1
11673,0
11677,0
11681,1
11682,0
11692,0
11697,0
11701,0
11702,0
11706,0
11707,0
11712,1
11718,0
11727,1
11732,0
11741,1
11746,1
11748,1
11752,0
11757,0
11761,0
11766,0
11767,0
11771,1
11778,0
11780,1
11787,0
11792,1
11796,1
11797,1
11802,0
11808,0
11815,1
11818,1
11825,1
11826,1
11835,0
11836,0
11841,0
11843,0
11852,0
11860,0
11871,0
11881,0
11890,1
11891,1
11896,0
11897,0
11903,0
11933,1
11935,1
11937,1
11942,1
11944,1
11950,1
11954,0
11959,0
11964,1
11967,0
11968,0
11973,0
11975,0
11989,0
12000,1
12001,0
12005,1
12006,0
12017,0
12023,0
12032,0
12049,0
12052,0
12056,0
12060,0
12074,0
12082,0
12088,0
12094,1
12104,0
12105,0
12118,0
12122,1
12131,0
12134,1
12138,0
12142,0
12148,0
12150,0
12151,1
12156,0
12158,1
12159,1
12164,0
12166,0
12171,0
12175,0
12181,1
12189,0
12190,0
12195,0
12198,1
12202,0
12205,0
12206,0
12207,1
12220,0
12221,1
12222,1
12241,0
12243,0
12249,0
12251,1
12270,1
12278,0
12289,0
12290,0
12292,1
12304,1
12305,0
12306,0
12311,0
12312,0
12314,0
12324,1
12334,0
12338,1
12340,0
12342,0
12349,0
12350,1
12351,0
12358,1
12363,0
12382,1
12384,0
12390,0
12393,1
12403,0
12407,0
12408,0
12411,0
12412,0
12415,0
12417,1
12418,0
12421,0
12423,1
12432,0
12446,0
12457,1
12458,1
12470,1
12472,0
12477,0
12478,0
12479,0
12483,0
12491,1
12510,0
12512,0
12514,0
12517,0
12519,1
12522,1
12523,0
12525,0
12527,1
12529,0
12534,1
12536,0
12538,0
12540,1
12541,0
12545,0
12548,0
12550,1
12551,0
12555,1
12558,0
12564,0
12569,1
12573,0
12574,1
12580,0
12581,0
12584,0
12587,0
12608,1
12611,0
12614,0
12615,0
12620,0
12625,0
12634,0
12643,0
12644,0
12645,1
12647,0
12651,0
12653,0
12668,0
12680,0
12686,0
12693,0
12696,1
12699,1
12701,1
12710,1
12714,1
12720,1
12722,1
12739,1
12740,0
12742,0
12746,0
12752,0
12755,0
12763,0
12777,0
12781,0
12783,1
12787,1
12790,0
12793,0
12799,0
12800,0
12808,0
12810,0
12815,0
12819,1
12825,0
12826,0
12828,1
12831,1
12839,0
12844,0
12846,0
12851,0
12854,0
12857,0
12874,0
12875,1
12882,0
12887,1
12889,0
12893,0
12898,0
12900,0
12903,0
12904,0
12920,1
12922,0
12929,0
12931,0
12933,0
12938,0
12941,1
12945,1
12973,0
12977,1
12980,0
12989,0
12990,1
12996,0
12998,0
13007,1
13008,0
13011,1
13024,0
13047,0
13048,0
13049,0
13058,0
13065,0
13068,1
13071,0
13074,1
13080,0
13100,0
13101,1
13109,1
13111,0
13112,0
13115,1
13118,1
13124,0
13130,0
13134,0
13140,0
13142,0
13143,0
13147,0
13150,1
13152,1
13153,0
13163,0
13165,1
13166,1
13179,1
13181,1
13185,1
13203,0
13206,0
13221,0
13227,1
13229,1
13235,0
13237,0
13243,0
13248,0
13250,1
13252,0
13254,1
13256,0
13257,1
13263,0
13271,1
13272,1
13282,0
13291,0
13293,1
13300,0
13305,1
13307,0
13314,0
13323,1
13328,1
13330,1
13332,0
13333,0
13336,0
13342,0
13343,0
13349,0
13352,0
13360,1
13364,0
13366,1
13373,0
13389,1
13390,0
13394,0
13395,0
13396,0
13399,0
13409,1
13415,1
13418,0
13419,1
13422,0
13424,0
13436,0
13440,1
13448,0
13452,0
13453,0
13460,0
13464,1
13468,0
13470,0
13476,0
13481,1
13486,0
13487,1
13490,0
13497,0
13499,0
13504,1
13508,0
13511,0
13512,0
13521,0
13523,1
13530,0
13534,0
13542,0
13544,0
13547,0
13548,0
13554,1
13555,1
13562,0
13564,0
13577,1
13584,1
13593,0
13596,0
13597,0
13601,0
13602,1
13615,0
13618,0
13621,0
13627,0
13628,0
13630,0
13631,1
13632,0
13635,1
13637,0
13644,1
13646,0
13651,0
13653,1
13657,0
13659,0
13663,1
13664,0
13666,0
13667,1
13671,0
13673,1
13675,1
13679,0
13681,0
13688,0
13691,1
13702,0
13705,1
13707,0
13709,0
13711,0
13712,1
13714,1
13717,1
13720,0
13725,0
13728,1
13738,1
13744,0
13747,1
13757,1
13766,0
13781,1
13787,0
13790,1
13791,0
13793,0
13802,0
13809,1
13812,0
13822,1
13825,0
13832,0
13833,0
13835,0
13836,0
13850,0
13854,1
13855,0
13858,0
13872,0
13881,0
13885,0
13888,1
13891,0
13893,0
13894,1
13910,1
13916,0
13917,1
13919,0
13922,0
13923,0
13931,0
13933,0
13934,0
13935,1
13936,0
13943,0
13961,0
13973,0
13974,0
13976,1
13978,1
13980,1
13981,0
13996,1
13999,1
14002,0
14003,1
14008,0
14014,0
14015,0
14016,0
14020,0
14032,0
14036,1
14037,0
14038,0
14044,1
14050,1
14056,1
14057,1
14061,0
14067,0
14072,0
14083,0
14093,1
14094,0
14098,1
14100,0
14104,1
14116,1
14121,0
14125,0
14127,0
14133,1
14134,0
14137,0
14148,1
14149,1
14152,1
14157,1
14158,0
14160,0
14162,1
14172,0
14175,0
14179,1
14180,0
14182,0
14185,1
14188,1
14197,0
14208,0
14210,1
14212,0
14215,0
14216,0
14226,0
14229,1
14252,1
14253,0
14254,0
14255,1
14267,1
14268,0
14278,1
14287,0
14288,0
14325,0
14327,0
14330,0
14342,0
14346,1
14358,0
14382,1
14392,1
14395,0
14396,0
14402,0
14409,0
14418,0
14422,0
14428,0
14431,0
14434,0
14442,0
14456,1
14467,0
14468,0
14469,1
14476,1
14486,0
14491,1
14493,1
14494,0
14497,0
14498,1
14500,0
14501,0
14506,1
14509,0
14513,1
14514,0
14521,1
14527,1
14532,0
14536,1
14541,0
14557,0
14560,0
14564,0
14566,0
14567,0
14574,0
14578,0
14584,0
14586,0
14593,0
14594,0
14603,0
14612,0
14616,0
14617,0
14624,1
14630,1
14634,0
14635,0
14637,0
14640,1
14642,0
14643,1
14646,1
14653,0
14654,1
14663,0
14666,1
14670,0
14676,0
14678,1
14682,0
14683,0
14690,1
14698,0
14706,0
14712,1
14714,0
14718,0
14726,0
14727,1
14730,0
14735,1
14744,0
14747,0
14751,0
14757,0
14760,0
14767,0
14770,1
14771,1
14775,0
14778,1
14779,0
14781,0
14782,0
14784,0
14785,0
14792,1
14797,0
14802,1
14805,1
14809,0
14810,0
14814,1
14815,1
14816,0
14824,0
14838,1
14841,1
14846,0
14870,0
14888,0
14900,0
14906,0
14907,1
14922,0
14925,0
14927,0
14933,0
14937,0
14948,0
14957,1
14961,0
14962,1
14970,0
14971,0
14972,0
14977,1
14979,0
14983,0
14987,1
14988,1
14989,0
14992,0
14999,1
15000,1
15006,0
15010,0
15023,0
15024,1
15027,0
15031,1
15032,1
15033,1
15038,0
15043,0
15045,0
15051,1
15056,0
15058,1
15059,0
15066,0
15073,1
15075,0
15084,0
15085,1
15091,0
15094,0
15097,1
15103,1
15105,1
15106,0
15108,1
15113,0
15121,1
15123,1
15131,0
15132,0
15133,1
15136,1
15165,0
15168,0
15175,0
15180,0
15183,0
15187,1
15192,0
15196,0
15203,0
15204,0
15209,0
15211,1
15216,0
15224,1
15226,0
15227,1
15228,1
15229,0
15238,1
15241,0
15255,1
15257,0
15260,0
15262,1
15269,0
15273,0
15282,1
15287,0
15301,0
15312,1
15313,0
15314,1
15319,0
15322,0
15323,0
15330,1
15338,0
15349,0
15353,0
15356,0
15367,0
15372,1
15387,0
15395,0
15399,0
15407,0
15409,1
15410,1
15415,1
15423,1
15424,0
15430,0
15431,0
15439,1
15451,0
15464,1
15468,0
15469,0
15481,1
15492,1
15496,0
15497,0
15499,1
15500,0
15510,1
15512,0
15514,0
15517,0
15519,0
15526,0
15529,0
15532,1
15544,1
15545,0
15550,0
15561,1
15569,1
15570,0
15573,0
15577,0
15582,1
15586,0
15594,1
15609,0
15612,1
15613,0
15622,1
15623,0
15624,0
15630,0
15635,0
15641,0
15645,1
15658,0
15666,0
15671,0
15675,0
15676,0
15677,0
15678,0
15689,1
15690,1
15699,0
15703,0
15707,0
15708,1
15712,0
15713,1
15714,0
15716,0
15717,0
15728,1
15729,1
15736,1
15738,0
15740,0
15754,0
15757,0
15770,1
15774,1
15776,0
15780,0
15786,0
15801,0
15806,1
15808,1
15809,1
15824,1
15828,0
15829,0
15832,0
15838,0
15839,0
15851,0
15855,1
15860,0
15862,0
15865,0
15883,0
15884,1
15885,0
15897,0
15902,0
15908,0
15911,0
15912,1
15922,0
15932,0
15933,0
15943,0
15946,0
15956,1
15959,0
15966,0
15968,0
15969,1
15971,1
15988,0
15995,0
16009,1
16010,0
16016,1
16017,0
16019,0
16020,0
16024,0
16025,0
16028,1
16030,1
16032,1
16062,0
16074,0
16076,1
16079,0
16084,0
16090,0
16091,0
16092,0
16094,0
16096,0
16099,1
16113,0
16114,0
16129,0
16134,1
16139,1
16140,1
16143,0
16144,0
16154,1
16158,1
16162,1
16165,1
16167,0
16168,0
16173,0
16176,0
16177,0
16182,1
16183,0
16188,0
16189,0
16200,0
16203,0
16208,0
16211,0
16218,0
16228,0
16233,1
16242,0
16243,1
16246,0
16248,0
16252,1
16258,1
16261,1
16263,0
16264,0
16265,1
16271,1
16272,0
16277,0
16286,1
16291,1
16296,0
16302,0
16316,0
16318,0
16320,1
16323,1
16329,1
16330,0
16331,0
16347,0
16348,0
16359,0
16360,0
16366,0
16374,1
16382,1
16383,1
16385,0
16387,1
16391,0
16403,0
16405,0
16413,1
16417,0
16423,0
16427,0
16430,0
16434,0
16443,0
16447,0
16450,0
16452,1
16468,0
16480,0
16483,1
16486,0
16487,1
16488,0
16505,0
16510,0
16513,0
16516,0
16520,0
16527,1
16536,0
16537,0
16541,0
16542,1
16548,1
16549,0
16554,0
16558,0
16559,0
16565,0
16568,0
16574,0
16578,1
16580,0
16582,0
16587,0
16590,0
16600,0
16602,1
16613,0
16620,0
16621,0
16627,0
16628,0
16630,0
16632,0
16644,1
16654,0
16665,0
16674,1
16676,1
16678,0
16680,1
16681,0
16687,0
16695,0
16696,0
16697,0
16711,0
16721,0
16724,1
16727,0
16735,0
16736,0
16739,0
16755,0
16762,0
16764,0
16773,0
16775,0
16783,1
16796,0
16802,1
16806,0
16807,1
16809,0
16813,0
16825,1
16840,0
16843,1
16848,0
16851,0
16853,0
16855,0
16859,0
16865,0
16868,0
16871,0
16877,0
16879,0
16880,0
16883,0
16885,0
16891,1
16897,0
16902,0
16909,1
16911,0
16912,0
16918,1
16930,1
16938,0
16940,0
16941,0
16942,1
16963,0
16966,0
16967,0
16970,0
16974,0
16977,1
16978,1
16989,1
17005,1
17007,0
17012,0
17017,0
17018,1
17020,1
17023,1
17024,0
17027,1
17034,0
17038,0
17039,1
17049,0
17050,0
17054,1
17057,0
17062,0
17065,0
17072,1
17075,1
17076,0
17084,0
17086,1
17088,1
17089,1
17092,0
17096,0
17099,1
17101,0
17103,0
17115,0
17119,0
17120,0
17122,1
17123,1
17142,0
17145,0
17152,0
17159,0
17160,0
17165,1
17173,1
17175,1
17176,1
17187,0
17191,0
17197,1
17198,1
17203,0
17205,0
17210,0
17212,0
17220,0
17222,0
17223,1
17228,1
17230,0
17231,1
17232,1
17242,0
17248,0
17250,0
17252,0
17254,0
17257,0
17267,0
17269,0
17274,1
17279,1
17286,1
17288,1
17291,0
17292,0
17293,1
17297,1
17298,0
17299,0
17308,1
17311,0
17314,0
17315,0
17319,0
17320,0
17327,0
17329,0
17331,1
17332,1
17339,1
17341,1
17348,0
17360,1
17364,1
17366,0
17377,0
17378,0
17379,1
17380,0
17381,0
17389,1
17391,1
17393,0
17396,1
17399,1
17413,0
17415,0
17427,0
17428,0
17431,0
17432,0
17433,0
17439,0
17452,0
17454,0
17458,1
17459,0
17466,1
17475,0
17479,0
17502,1
17517,0
17520,0
17534,0
17535,1
17545,0
17550,0
17552,0
17558,1
17559,0
17560,1
17562,0
17564,0
17565,1
17566,1
17567,1
17572,0
17574,1
17575,0
17579,0
17585,1
17590,1
17592,0
17600,1
17602,0
17603,0
17607,0
17616,0
17619,0
17623,0
17625,0
17636,1
17638,0
17655,0
17661,0
17663,0
17667,0
17669,0
17680,1
17681,0
17689,0
17691,0
17693,1
17696,0
17697,0
17713,0
17720,1
17728,1
17735,1
17737,0
17751,0
17753,0
17756,0
17769,0
17771,1
17772,0
17773,0
17777,0
17786,1
17787,1
17795,1
17796,0
17801,1
17805,1
17808,0
17811,1
17812,0
17814,0
17816,0
17817,1
17818,0
17819,0
17821,0
17833,0
17834,0
17835,1
17843,1
17853,0
17862,0
17865,0
17873,0
17875,0
17877,1
17882,0
17886,0
17899,0
17904,1
17906,1
17921,0
17922,1
17924,1
17928,0
17932,0
17934,1
17935,1
17936,1
17937,0
17940,0
17951,1
17962,0
17979,0
17980,1
17982,0
17989,0
17993,0
17998,1
17999,1
18004,1
18005,0
18008,0
18013,0
18023,0
18024,0
18026,0
18042,0
18045,1
18046,1
18062,1
18063,0
18064,1
18065,0
18069,0
18079,1
18081,1
18090,0
18095,1
18104,0
18111,0
18112,0
18122,1
18130,1
18132,1
18138,0
18140,1
18141,0
18142,1
18147,0
18150,1
18151,0
18157,0
18160,0
18161,0
18169,0
18171,0
18172,0
18173,0
18179,0
18182,0
18190,0
18192,0
18199,0
18210,1
18212,0
18215,0
18222,0
18230,1
18231,1
18236,0
18238,0
18240,1
18248,0
18254,0
18255,0
18256,1
18261,1
18264,1
18273,0
18274,0
18279,1
18283,0
18284,0
18286,0
18288,0
18293,0
18294,0
18307,1
18310,1
18314,1
18316,0
18324,1
18327,0
18333,0
18334,0
18335,0
18344,1
18347,1
18353,0
18354,1
18364,0
18366,1
18374,1
18375,0
18376,1
18383,0
18384,1
18385,0
18389,0
18400,0
18402,0
18416,0
18438,1
18439,1
18440,1
18446,0
18451,1
18456,1
18467,0
18469,0
18471,0
18473,0
18474,0
18476,0
18484,0
18497,0
18498,1
18504,0
18505,0
18507,0
18508,0
18509,1
18524,1
18531,0
18550,1
18551,0
18554,1
18559,0
18562,0
18570,0
18573,0
18579,0
18582,0
18591,0
18595,1
18596,0
18600,1
18631,0
18632,1
18634,1
18636,1
18644,0
18648,1
18650,1
18651,1
18653,0
18656,0
18658,1
18659,0
18660,0
18665,0
18674,0
18676,1
18685,1
18692,0
18704,0
18709,0
18712,1
18716,0
18721,0
18734,0
18753,0
18758,0
18759,1
18762,1
18765,1
18768,0
18782,1
18794,1
18801,1
18807,0
18822,1
18823,0
18825,0
18828,0
18834,0
18835,1
18840,1
18845,0
18848,0
18852,0
18855,1
18858,0
18860,0
18864,1
18867,0
18876,0
18885,0
18887,0
18890,1
18898,0
18900,1
18901,0
18906,0
18908,0
18911,0
18921,0
18928,0
18930,0
18933,1
18934,0
18939,1
18941,1
18957,0
18963,0
18971,0
18975,1
18983,1
18988,1
18989,0
18996,0
19004,0
19007,0
19011,0
19014,0
19018,0
19020,0
19026,0
19032,0
19039,0
19049,0
19052,0
19053,0
19057,0
19061,1
19065,0
19067,1
19068,0
19072,0
19073,1
19074,0
19082,0
19088,0
19092,0
19095,0
19100,0
19103,0
19106,1
19110,1
19111,1
19120,0
19130,0
19134,0
19143,0
19150,0
19152,1
19155,1
19159,0
19162,0
19169,0
19172,0
19176,0
19179,0
19184,1
19197,0
19218,0
19222,1
19224,0
19227,0
19231,1
19232,1
19236,1
19241,0
19243,1
19246,1
19248,0
19249,1
19266,0
19268,0
19272,0
19277,0
19283,0
19284,0
19294,1
19307,0
19311,0
19317,0
19318,0
19323,0
19326,1
19327,0
19334,0
19343,1
19344,0
19345,0
19347,0
19364,0
19373,1
19377,0
19381,0
19395,0
19396,1
19401,0
19410,1
19414,1
19415,1
19416,1
19418,1
19420,0
19423,1
19424,1
19429,1
19438,0
19440,1
19443,0
19445,1
19448,1
19455,1
19459,0
19463,0
19479,0
19483,0
19486,0
19494,0
19496,1
19501,1
19511,1
19513,0
19519,1
19523,0
19529,1
19530,1
19534,0
19536,0
19546,1
19549,0
19551,0
19558,0
19559,1
19560,0
19583,0
19586,0
19587,0
19591,0
19592,1
19593,0
19597,0
19604,1
19618,1
19620,0
19643,0
19647,0
19648,1
19649,1
19651,1
19655,0
19665,1
19666,0
19667,1
19690,0
19692,0
19693,1
19716,1
19740,0
19743,0
19745,1
19747,1
19749,1
19755,0
19758,1
19767,0
19769,0
19779,0
19792,0
19797,0
19800,0
19802,1
19804,1
19807,0
19808,0
19821,1
19827,0
19829,0
19830,0
19831,1
19832,0
19835,0
19838,0
19845,1
19852,1
19853,0
19859,1
19860,0
19870,0
19875,1
19891,0
19893,1
19899,0
19909,0
19910,1
19918,0
19920,1
19921,0
19936,1
19937,0
19944,0
19946,0
19954,1
19958,0
19977,0
19986,0
19990,1
19999,0
20013,1
20022,0
20023,0
20024,0
20037,0
20051,0
20063,0
20073,1
20074,0
20076,0
20086,0
20090,0
20099,1
20101,0
20102,1
20103,0
20105,0
20106,0
20108,0
20114,1
20117,1
20135,1
20142,0
20157,0
20163,1
20167,1
20170,1
20171,0
20172,0
20176,1
20184,0
20186,1
20192,1
20195,0
20197,0
20200,0
20207,0
20208,1
20214,0
20216,0
20217,0
20218,0
20219,0
20225,1
20227,0
20229,1
20238,0
20240,1
20251,0
20252,0
20254,0
20257,0
20258,0
20266,0
20275,0
20277,0
20280,0
20285,1
20286,0
20292,0
20306,1
20309,0
20312,1
20319,0
20328,0
20331,1
20334,1
20343,0
20353,0
20354,0
20357,0
20359,0
20362,0
20364,0
20371,0
20380,1
20385,1
20386,0
20391,0
20401,0
20403,0
20418,1
20419,0
20428,1
20439,0
20441,0
20442,0
20445,1
20446,1
20452,0
20455,0
20457,1
20460,0
20463,1
20466,0
20470,1
20471,0
20482,1
20493,0
20494,0
20495,0
20498,0
20501,0
20522,0
20527,1
20537,0
20539,1
20557,0
20566,1
20574,0
20577,0
20581,0
20582,0
20585,1
20588,1
20593,1
20601,0
20612,0
20618,0
20629,0
20637,0
20639,0
20642,0
20656,0
20658,1
20666,0
20667,0
20669,0
20670,1
20671,1
20676,0
20680,0
20682,1
20687,0
20696,0
20706,1
20709,1
20710,0
20711,1
20717,1
20750,0
20765,0
20768,0
20769,0
20778,0
20782,0
20791,0
20804,1
20805,0
20814,1
20828,1
20834,0
20837,0
20839,1
20840,1
20842,0
20844,0
20853,0
20859,0
20860,0
20862,1
20866,0
20875,0
20881,1
20882,0
20887,0
20888,0
20892,1
20896,0
20900,0
20931,0
20936,0
20939,0
20942,1
20945,0
20948,0
20949,1
20959,0
20967,0
20972,1
20979,0
20983,0
20985,0
20986,0
20989,0
20991,0
20992,1
20994,0
20995,0
21000,0
21007,1
21010,0
21016,0
21018,0
21021,0
21028,1
21029,0
21032,1
21034,0
21035,0
21036,0
21037,1
21051,0
21062,0
21067,0
21069,1
21085,0
21092,0
21096,1
21102,0
21109,0
21111,0
21113,1
21115,0
21118,0
21127,1
21132,1
21135,0
21137,0
21140,0
21142,0
21144,1
21145,0
21153,1
21156,1
21157,0
21161,0
21163,1
21167,0
21184,1
21185,0
21189,1
21192,0
21203,0
21206,0
21209,0
21218,0
21233,1
21245,1
21247,0
21248,1
21251,0
21256,0
21258,1
21261,0
21262,0
21264,1
21265,0
21269,1
21270,0
21271,0
21274,0
21276,0
21277,0
21279,0
21282,1
21285,0
21287,0
21291,0
21299,0
21303,1
21306,1
21307,1
21317,1
21320,1
21323,0
21325,1
21327,1
21334,1
21339,1
21341,1
21342,0
21346,0
21351,0
21352,0
21356,1
21359,1
21360,0
21365,0
21366,0
21368,0
21373,0
21374,0
21380,1
21395,0
21396,0
21402,1
21408,0
21410,1
21414,0
21424,0
21427,0
21428,0
21432,0
21438,0
21442,0
21446,0
21448,1
21449,0
21450,1
21454,1
21457,0
21468,0
21472,0
21483,1
21491,0
21503,1
21507,1
21508,1
21514,1
21518,0
21519,1
21524,0
21526,1
21527,0
21530,1
21533,0
21542,0
21543,0
21544,0
21547,0
21558,0
21566,1
21574,0
21575,0
21576,1
21577,0
21580,0
21590,1
21593,1
21595,0
21596,0
21602,0
21612,0
21618,1
21622,0
21637,0
21638,0
21643,1
21652,0
21655,0
21656,0
21663,0
21666,0
21667,0
21672,0
21686,1
21694,0
21706,1
21712,0
21723,0
21724,1
21728,0
21730,0
21745,0
21746,1
21753,0
21755,1
21757,0
21763,0
21766,0
21770,0
21779,0
21781,1
21782,0
21791,0
21792,0
21796,0
21799,1
21804,0
21810,0
21813,1
21814,0
21816,0
21818,1
21830,1
21832,0
21834,0
21835,0
21836,1
21838,0
21839,1
21842,0
21859,0
21861,1
21863,1
21875,0
21878,0
21885,0
21887,1
21890,0
21892,0
21898,0
21904,0
21911,0
21914,0
21919,0
21925,0
21931,0
21932,1
21933,0
21935,0
21936,0
21937,0
21938,0
21940,0
21941,1
21955,0
21960,0
21961,1
21965,0
21970,0
21975,1
21976,0
21979,0
21980,0
21991,1
21993,0
21997,0
21999,0
22000,0
22002,0
22009,1
22013,0
22018,0
22019,0
22021,0
22038,1
22039,0
22046,0
22047,0
22052,1
22054,1
22055,0
22056,0
22058,1
22061,0
22064,0
22069,0
22073,1
22077,1
22081,0
22089,0
22090,0
22092,1
22095,0
22101,1
22114,0
22118,0
22120,1
22122,0
22138,1
22141,0
22145,0
22157,1
22161,0
22171,0
22172,0
22175,1
22179,1
22183,0
22185,0
22186,0
22193,0
22199,1
22200,0
22205,1
22207,1
22208,0
22211,1
22213,0
22214,1
22215,0
22229,1
22232,0
22234,0
22236,0
22237,1
22242,0
22246,1
22249,1
22257,1
22258,1
22263,0
22273,0
22275,0
22285,1
22288,1
22292,1
22296,0
22302,0
22315,0
22316,1
22321,0
22326,1
22329,0
22330,0
22331,1
22333,0
22336,0
22338,0
22342,1
22344,0
22346,1
22365,1
22366,0
22369,0
22377,0
22378,1
22383,0
22384,1
22385,0
22391,0
22397,1
22403,0
22405,1
22407,0
22410,1
22421,0
22423,0
22425,0
22430,1
22434,1
22440,0
22444,0
22451,0
22453,0
22456,0
22470,1
22484,0
22486,1
22498,1
22504,0
22507,0
22521,0
22523,0
22526,1
22534,0
22538,0
22539,0
22545,0
22548,0
22550,1
22552,0
22554,0
22555,0
22556,1
22561,0
22570,1
22576,1
22581,0
22583,0
22585,1
22588,0
22593,0
22599,1
22601,1
22603,0
22604,0
22607,0
22611,1
22613,1
22614,0
22618,1
22621,0
22622,0
22627,0
22628,0
22635,1
22640,1
22644,0
22645,0
22646,1
22648,0
22650,1
22656,1
22658,0
22660,0
22678,1
22682,0
22689,0
22690,0
22691,0
22694,0
22698,0
22699,0
22702,1
22715,0
22717,0
22720,0
22721,0
22722,0
22729,0
22739,0
22744,1
22749,1
22758,0
22765,1
22768,1
22771,1
22773,1
22775,0
22777,0
22785,0
22792,0
22793,0
22794,1
22802,0
22806,0
22822,0
22824,0
22829,1
22832,0
22833,0
22836,0
22838,0
22842,1
22848,0
22850,1
22860,0
22863,1
22869,0
22871,0
22876,1
22895,1
22897,0
22900,0
22910,0
22912,1
22913,0
22917,1
22923,0
22933,0
22934,0
22943,0
22944,0
22955,1
22966,0
22969,0
22973,0
22975,0
22983,1
22985,0
22992,0
22993,0
22994,0
22995,1
23000,0
23001,1
23002,0
23003,0
23004,1
23006,0
23012,1
23013,0
23014,0
23019,1
23022,0
23034,0
23038,0
23040,0
23046,0
23048,0
23050,1
23058,0
23060,0
23063,0
23064,0
23065,0
23068,1
23070,0
23071,0
23072,0
23073,1
23074,0
23077,0
23079,0
23085,1
23090,0
23096,0
23098,1
23108,0
23115,1
23121,0
23122,0
23123,1
23132,0
23145,0
23146,0
23147,0
23148,0
23155,0
23167,0
23174,0
23179,0
23188,1
23189,0
23190,0
23198,0
23203,0
23206,1
23212,0
23217,1
23220,0
23223,1
23226,0
23229,0
23234,0
23236,0
23237,1
23239,0
23242,0
23247,0
23252,1
23258,0
23266,1
23267,1
23268,0
23276,0
23279,0
23281,1
23284,0
23285,0
23287,1
23289,1
23291,0
23293,1
23295,0
23298,0
23305,0
23314,1
23319,0
23335,0
23340,0
23341,1
23350,0
23356,0
23360,0
23363,0
23374,1
23375,0
23378,1
23379,0
23380,1
23387,0
23394,0
23408,0
23412,1
23415,1
23417,0
23420,1
23424,1
23430,0
23434,0
23435,0
23448,0
23452,0
23458,1
23459,0
23463,0
23466,0
23468,0
23469,0
23473,0
23477,0
23478,0
23481,0
23486,1
23503,0
23506,0
23507,0
23520,1
23522,0
23524,0
23525,0
23533,0
23544,1
23545,0
23548,0
23563,0
23575,1
23577,1
23582,0
23589,0
23590,0
23601,1
23604,0
23606,0
23607,0
23610,0
23615,0
23618,1
23623,1
23627,1
23629,0
23630,0
23635,1
23637,0
23642,0
23654,1
23666,1
23667,0
23688,0
23689,0
23691,0
23694,1
23696,0
23698,0
23699,1
23707,0
23708,0
23713,1
23714,0
23722,1
23726,0
23738,0
23740,0
23744,0
23753,0
23756,0
23760,0
23768,1
23775,0
23780,1
23785,0
23795,0
23799,0
23803,0
23806,0
23832,0
23838,0
23840,1
23845,0
23846,0
23848,0
23852,1
23854,0
23857,0
23859,0
23862,0
23865,0
23866,0
23867,0
23871,0
23874,1
23878,0
23883,0
23885,0
23886,1
23897,0
23901,0
23907,0
23915,0
23925,0
23926,1
23932,1
23937,0
23949,0
23950,0
23952,0
23953,1
23955,1
23962,1
23964,0
23966,0
23967,0
23975,1
23980,1
23984,0
23988,0
24001,0
24006,0
24014,1
24018,0
24042,0
24047,0
24051,0
24060,0
24071,0
24080,0
24082,1
24084,0
24093,0
24097,0
24100,0
24103,1
24105,1
24112,1
24114,0
24115,1
24129,1
24132,1
24134,0
24145,1
24149,0
24158,0
24165,1
24167,1
24170,0
24179,0
24188,0
24189,0
24192,0
24198,0
24204,0
24205,0
24210,1
24214,1
24217,1
24224,0
24236,1
24238,0
24241,0
24244,0
24245,0
24254,1
24256,1
24267,1
24268,0
24270,1
24274,0
24281,1
24282,0
24286,0
24291,1
24296,1
24297,0
24299,0
24302,0
24305,0
24310,1
24313,1
24318,0
24328,1
24331,1
24336,1
24348,0
24351,0
24355,1
24357,0
24359,0
24370,0
24375,0
24376,0
24377,0
24380,0
24381,0
24395,0
24397,0
24398,1
24400,1
24405,1
24416,0
24425,1
24428,0
24441,1
24446,0
24448,1
24458,1
24462,0
24468,0
24469,1
24474,1
24475,0
24485,0
24486,1
24488,0
24490,1
24491,0
24499,1
24500,1
24502,0
24505,1
24506,1
24512,0
24513,0
24515,1
24519,0
24523,0
24524,0
24525,0
24538,0
24542,0
24544,1
24550,1
24551,1
24554,0
24556,0
24564,1
24568,0
24570,1
24573,0
24574,0
24577,0
24580,0
24581,0
24591,0
24597,1
24603,0
24610,0
24611,0
24616,0
24618,0
24619,0
24622,0
24632,1
24640,1
24648,1
24651,0
24667,0
24669,0
24672,0
24676,0
24679,0
24681,1
24682,1
24685,0
24689,0
24697,0
24706,1
24712,0
24714,0
24718,1
24723,1
24725,0
24726,0
24743,0
24746,0
24747,0
24751,0
24752,1
24753,0
24754,1
24761,0
24763,0
24764,0
24766,0
24767,0
24771,1
24773,0
24779,0
24780,1
24782,0
24784,1
24798,0
24804,0
24808,0
24817,1
24824,0
24825,1
24833,1
24834,0
24838,0
24842,1
24844,0
24851,1
24856,0
24866,0
24867,0
24872,0
24879,0
24881,0
24883,0
24894,1
24895,1
24900,1
24901,1
24905,0
24911,0
24917,0
24918,0
24921,0
24922,0
24924,0
24926,0
24929,0
24930,0
24936,0
24937,0
24941,0
24945,0
24948,1
24953,0
24958,0
24960,0
24961,0
24964,0
24968,0
24973,0
24975,1
24976,0
24977,1
24981,0
24984,0
24987,0
24994,1
24999,0
25006,1
25010,0
25014,0
25018,1
25019,0
25023,1
25029,1
25042,1
25043,0
25045,0
25046,0
25053,0
25066,0
25072,0
25075,1
25078,0
25083,0
25084,0
25085,0
25086,0
25088,0
25089,1
25107,1
25109,0
25121,1
25125,0
25128,1
25130,1
25131,1
25134,0
25136,0
25137,0
25143,1
25144,0
25149,0
25171,0
25172,0
25177,1
25178,0
25180,0
25181,0
25191,1
25192,0
25193,1
25201,0
25202,0
25206,0
25207,0
25212,0
25213,0
25215,0
25221,0
25228,0
25236,0
25247,1
25263,1
25265,0
25267,0
25268,1
25270,0
25278,0
25289,1
25305,1
25324,0
25332,0
25339,0
25349,0
25372,1
25377,0
25380,0
25387,0
25396,1
25428,0
25445,1
25449,0
25451,0
25452,0
25454,1
25459,0
25466,0
25469,0
25476,0
25477,0
25481,0
25483,0
25486,1
25487,0
25490,0
25492,1
25493,0
25496,1
25509,1
25513,1
25532,0
25536,0
25544,0
25547,1
25548,0
25551,1
25559,0
25564,0
25567,0
25568,0
25570,0
25578,0
25595,0
25597,0
25610,1
25623,1
25633,1
25638,1
25642,0
25644,0
25645,1
25651,0
25656,0
25667,0
25669,1
25693,0
25694,0
25696,0
25710,1
25711,0
25716,1
25721,1
25722,0
25731,0
25736,0
25738,0
25744,0
25770,0
25778,0
25786,1
25791,0
25805,0
25807,1
25809,0
25814,1
25820,0
25836,0
25837,0
25839,0
25846,1
25851,0
25855,0
25857,0
25865,0
25871,0
25878,0
25883,0
25885,0
25887,0
25890,0
25896,1
25898,1
25918,0
25925,0
25926,0
25928,1
25935,0
25943,0
25953,1
25959,1
25960,0
25965,1
25967,1
25971,1
25984,1
25993,0
25994,1
25999,1
26001,1
26004,1
26005,0
26006,0
26010,0
26012,1
26019,0
26020,1
26028,0
26032,1
26034,0
26039,0
26065,0
26066,0
26077,1
26078,1
26085,0
26086,1
26087,0
26091,0
26098,1
26110,0
26111,0
26116,0
26120,0
26128,1
26141,0
26156,0
26161,1
26167,0
26168,0
26171,1
26185,1
26188,0
26192,0
26203,0
26211,0
26213,0
26215,0
26217,0
26218,1
26219,0
26229,0
26232,0
26251,0
26252,0
26256,0
26258,0
26267,1
26269,1
26272,0
26275,1
26280,0
26282,0
26284,1
26285,0
26292,1
26293,0
26296,0
26300,0
26302,0
26304,0
26310,0
26311,0
26314,1
26317,1
26321,0
26325,0
26327,1
26336,1
26337,0
26343,1
26345,0
26346,1
26348,1
26351,0
26357,0
26363,1
26364,0
26368,0
26369,0
26377,1
26389,0
26390,1
26391,0
26392,0
26395,1
26397,0
26398,0
26415,0
26416,0
26419,0
26436,1
26440,1
26442,0
26457,0
26461,0
26465,1
26467,1
26468,0
26476,0
26492,1
26496,0
26500,1
26506,0
26512,1
26515,0
26519,0
26526,0
26527,0
26535,0
26555,1
26557,1
26568,0
26570,0
26571,1
26572,0
26575,0
26576,0
26578,0
26583,0
26595,1
26602,0
26603,0
26610,0
26612,1
26620,1
26626,0
26634,1
26635,0
26638,0
26641,0
26645,0
26659,0
26663,0
26667,0
26671,1
26672,1
26673,0
26677,0
26678,1
26687,1
26690,1
26695,1
26696,0
26698,1
26704,1
26706,1
26709,0
26715,0
26721,0
26723,0
26724,0
26727,1
26729,0
26732,0
26735,0
26738,1
26742,1
26746,1
26747,0
26753,0
26756,0
26758,0
26768,1
26778,0
26782,0
26786,0
26802,1
26806,0
26807,0
26809,1
26811,1
26813,0
26816,1
26817,0
26819,0
26829,1
26835,0
26839,0
26842,0
26845,1
26846,0
26847,1
26850,1
26869,0
26880,0
26887,1
26892,1
26894,1
26896,0
26899,1
26918,1
26923,0
26925,0
26935,0
26937,0
26946,1
26951,1
26957,0
26958,0
26966,0
26968,1
26973,1
26977,0
26984,0
26987,0
26988,1
26991,0
26995,0
27013,0
27041,0
27044,0
27046,0
27048,1
27049,1
27055,0
27058,0
27062,0
27064,0
27067,0
27072,0
27073,1
27076,0
27077,0
27080,1
27088,0
27089,1
27095,1
27098,1
27101,1
27111,0
27124,1
27125,0
27131,0
27132,0
27142,0
27146,0
27148,0
27149,1
27162,0
27165,0
27171,0
27177,1
27181,1
27186,0
27192,1
27199,0
27204,0
27219,1
27220,0
27221,0
27241,1
27243,1
27246,1
27250,0
27252,0
27262,0
27270,1
27275,1
27283,0
27284,0
27286,1
27291,1
27292,1
27297,0
27307,1
27316,0
27317,0
27323,1
27327,0
27338,0
27340,0
27341,0
27348,0
27351,0
27353,0
27355,1
27358,1
27363,1
27365,0
27372,1
27379,1
27383,0
27384,1
27396,0
27397,1
27398,0
27409,1
27410,0
27416,1
27422,0
27428,0
27432,0
27434,1
27439,0
27441,0
27442,0
27443,0
27447,0
27450,0
27459,0
27464,1
27468,0
27473,1
27475,0
27476,1
27477,0
27484,1
27493,0
27496,1
27499,0
27503,0
27507,1
27512,0
27513,0
27515,0
27523,0
27524,0
27525,0
27535,1
27541,1
27545,1
27547,1
27565,1
27566,0
27567,0
27583,1
27586,0
27590,1
27591,0
27595,1
27596,1
27599,0
27610,0
27612,0
27617,0
27620,0
27621,0
27623,0
27626,1
27628,0
27630,0
27632,1
27640,1
27641,0
27659,0
27663,1
27666,0
27691,1
27695,0
27698,0
27706,0
27708,0
27713,0
27715,0
27717,0
27719,0
27728,0
27735,1
27740,0
27750,0
27752,0
27753,1
27764,1
27766,1
27767,0
27771,0
27773,1
27778,0
27796,0
27811,1
27812,0
27813,1
27815,0
27816,0
27818,0
27821,0
27825,0
27828,0
27829,1
27831,0
27835,1
27837,0
27839,0
27845,0
27847,0
27857,1
27859,1
27861,1
27862,0
27863,1
27865,1
27869,0
27870,1
27879,0
27899,0
27905,1
27910,0
27911,0
27916,0
27918,1
27921,1
27922,1
27925,0
27927,0
27929,0
27934,0
27935,0
27941,1
27951,1
27954,0
27955,1
27972,0
27975,1
27976,0
27978,0
27980,0
27984,1
27998,1
28009,0
28010,0
28016,0
28019,0
28021,0
28024,0
28028,1
28030,0
28044,0
28047,0
28048,0
28051,0
28052,0
28053,0
28054,0
28060,1
28062,1
28076,0
28080,0
28081,1
28088,0
28092,0
28099,1
28114,1
28119,0
28124,0
28125,0
28133,1
28137,0
28150,0
28151,1
28157,1
28163,0
28167,0
28168,0
28169,0
28172,0
28174,0
28187,0
28191,0
28195,1
28196,1
28198,0
28201,1
28202,1
28203,0
28206,0
28207,0
28209,1
28212,1
28216,0
28230,0
28231,0
28245,1
28246,0
28247,0
28248,0
28250,1
28251,0
28257,1
28269,0
28279,0
28286,1
28298,1
28303,1
28319,0
28322,0
28323,0
28324,0
28326,0
28329,0
28335,0
28340,0
28344,0
28348,0
28370,0
28372,0
28386,0
28394,1
28398,0
28414,0
28418,0
28433,1
28434,0
28451,0
28466,0
28470,1
28473,0
28474,1
28475,1
28481,1
28489,1
28492,0
28498,0
28502,0
28517,0
28524,0
28526,0
28530,0
28532,1
28534,0
28538,0
28545,0
28549,0
28567,1
28569,1
28570,0
28578,0
28590,0
28594,1
28604,1
28610,0
28614,0
28616,0
28617,1
28621,1
28631,0
28633,0
28653,0
28655,1
28670,0
28682,0
28685,0
28690,0
28695,0
28702,1
28705,0
28708,0
28719,0
28731,1
28732,0
28747,0
28756,1
28773,0
28776,0
28778,1
28782,0
28783,0
28787,0
28793,1
28796,0
28799,1
28805,0
28806,0
28809,0
28815,0
28827,1
28828,1
28834,0
28844,1
28852,0
28856,1
28874,0
28876,1
28882,1
28889,0
28894,0
28898,1
28899,0
28900,0
28910,0
28929,0
28930,0
28933,0
28936,1
28938,0
28944,0
28945,0
28946,1
28948,0
28955,0
28957,0
28959,0
28966,1
28969,1
28972,0
28982,0
28989,0
28996,1
28997,1
29014,0
29015,0
29017,0
29020,1
29030,0
29032,1
29033,1
29034,0
29035,0
29037,1
29053,0
29054,0
29059,0
29061,1
29062,1
29065,0
29080,0
29084,1
29088,1
29090,0
29091,0
29093,0
29098,1
29101,1
29104,0
29109,0
29111,1
29113,0
29115,0
29123,0
29124,1
29132,0
29139,0
29142,0
29147,0
29161,0
29173,0
29180,1
29186,0
29192,0
29193,1
29198,1
29200,0
29208,0
29213,1
29223,0
29227,0
29228,0
29236,1
29239,0
29240,0
29242,1
29247,0
29261,0
29281,1
29283,0
29294,0
29299,0
29314,1
29316,0
29317,0
29318,0
29319,0
29329,0
29331,0
29336,0
29348,1
29351,1
29370,0
29372,0
29373,1
29374,0
29380,1
29383,0
29390,1
29391,0
29393,1
29397,1
29398,0
29400,1
29405,0
29408,0
29423,0
29434,0
29441,0
29448,0
29449,0
29450,0
29456,0
29457,1
29469,0
29473,1
29478,0
29482,0
29487,1
29489,1
29501,1
29502,0
29505,0
29507,0
29508,0
29510,0
29517,1
29518,0
29534,0
29538,1
29540,0
29541,1
29543,1
29545,0
29547,1
29549,0
29550,1
29551,1
29560,0
29562,0
29573,1
29580,0
29581,1
29583,0
29585,1
29589,1
29598,1
29606,1
29607,1
29608,0
29616,1
29634,0
29636,0
29641,0
29649,0
29650,0
29652,0
29653,0
29654,0
29656,0
29660,0
29662,0
29670,0
29671,1
29674,0
29677,0
29678,0
29681,0
29684,0
29688,1
29694,1
29696,1
29705,0
29708,1
29716,0
29720,0
29726,0
29729,1
29740,0
29743,1
29745,0
29746,0
29748,0
29749,0
29753,0
29754,0
29758,0
29762,0
29764,1
29769,0
29770,0
29771,0
29775,0
29778,1
29785,0
29787,1
29796,0
29801,0
29807,0
29809,1
29816,1
29820,1
29827,0
29828,1
29835,0
29852,0
29853,0
29854,0
29870,0
29874,1
29895,0
29903,1
29919,0
29921,0
29922,0
29927,0
29934,0
29942,0
29963,0
29964,0
29966,0
29969,0
29973,1
29977,0
29980,0
29987,0
29989,0
29999,0
30003,1
30007,0
30014,1
30019,0
30030,0
30032,0
30035,1
30036,0
30039,0
30040,0
30045,0
30046,0
30055,0
30057,0
30067,1
30083,0
30084,1
30085,0
30098,0
30104,0
30109,0
30110,0
30114,0
30118,0
30125,0
30132,1
30141,0
30142,0
30144,1
30170,1
30175,0
30176,1
30179,0
30181,0
30183,0
30184,0
30188,0
30194,0
30196,0
30204,0
30205,1
30206,0
30207,0
30208,1
30216,1
30219,0
30222,1
30229,0
30235,1
30236,1
30237,0
30238,0
30240,0
30256,1
30259,0
30260,0
30270,0
30271,0
30272,1
30276,1
30278,1
30285,1
30286,0
30292,0
30299,0
30301,0
30302,0
30310,0
30311,1
30316,0
30321,0
30327,0
30331,0
30335,1
30357,1
30358,1
30359,1
30363,1
30366,0
30367,0
30369,0
30373,0
30378,0
30384,0
30386,0
30390,0
30392,0
30394,0
30396,1
30400,0
30401,1
30403,0
30410,0
30411,0
30414,0
30418,0
30423,1
30439,0
30442,0
30444,0
30447,0
30452,0
30461,0
30470,0
30473,1
30475,1
30481,0
30486,0
30488,1
30490,0
30497,0
30510,1
30520,0
30525,1
30531,1
30532,0
30534,1
30536,0
30537,0
30540,1
30556,1
30562,0
30565,0
30573,0
30575,1
30576,0
30579,0
30581,1
30582,0
30586,0
30587,0
30588,0
30590,0
30595,1
30605,0
30612,0
30614,0
30616,0
30624,1
30627,1
30630,0
30638,0
30640,1
30641,0
30644,0
30650,0
30652,1
30656,0
30662,0
30666,0
30667,0
30674,0
30678,0
30687,1
30689,0
30690,0
30698,0
30704,0
30706,0
30708,0
30715,0
30717,0
30718,1
30723,0
30725,0
30731,0
30734,0
30736,0
30744,0
30747,0
30748,1
30749,0
30753,0
30769,0
30770,0
30771,0
30772,1
30781,0
30782,0
30784,0
30793,0
30805,0
30809,0
30817,0
30819,0
30823,1
30828,0
30829,0
30830,0
30838,0
30843,1
30845,1
30846,0
30854,1
30858,1
30870,0
30880,1
30885,0
30889,0
30891,0
30895,0
30897,0
30901,0
30906,0
30912,0
30918,0
30920,0
30923,0
30940,0
30948,0
30950,0
30955,1
30959,0
30961,0
30963,0
30967,1
30987,0
31002,0
31005,0
31008,0
31026,1
31028,0
31029,0
31030,0
31034,0
31040,0
31041,1
31044,1
31053,0
31064,0
31073,0
31077,1
31080,0
31081,1
31085,1
31090,0
31096,1
31098,0
31102,1
31105,0
31109,0
31118,0
31121,0
31124,0
31132,0
31135,0
31139,0
31141,0
31146,0
31147,1
31154,1
31161,0
31167,0
31170,0
31177,0
31178,1
31181,0
31182,0
31185,0
31188,0
31194,0
31195,0
31197,1
31203,1
31209,1
31222,0
31232,0
31241,1
31244,1
31250,0
31252,0
31255,0
31264,0
31271,1
31278,1
31287,1
31294,0
31312,0
31315,1
31320,0
31322,0
31325,1
31328,0
31330,0
31336,0
31345,0
31347,0
31348,0
31350,0
31355,1
31356,1
31371,1
31383,0
31384,1
31387,0
31392,1
31416,0
31419,1
31420,0
31421,0
31422,1
31424,1
31431,0
31432,1
31440,0
31450,0
31462,0
31466,0
31480,1
31482,1
31491,0
31492,0
31494,0
31498,0
31502,1
31504,0
31508,0
31519,1
31520,1
31521,1
31534,1
31535,0
31538,1
31544,0
31545,0
31549,1
31550,0
31558,0
31562,0
31586,0
31588,0
31590,0
31591,0
31596,1
31599,1
31607,1
31612,1
31614,0
31616,1
31623,0
31628,1
31629,0
31634,0
31638,0
31639,0
31642,0
31650,1
31654,0
31656,1
31659,0
31660,0
31663,1
31668,1
31680,0
31683,0
31687,0
31690,1
31698,0
31700,0
31702,1
31705,0
31730,0
31738,0
31742,0
31743,1
31746,0
31748,0
31757,0
31762,1
31769,1
31774,1
31782,0
31792,0
31795,1
31807,0
31813,0
31819,1
31824,1
31842,1
31843,1
31844,0
31846,1
31850,0
31852,1
31860,1
31870,0
31875,0
31877,1
31881,0
31883,0
31888,0
31895,0
31901,1
31902,1
31911,1
31913,1
31914,1
31921,0
31929,1
31935,1
31936,1
31942,0
31945,1
31949,1
31956,0
31957,0
31959,0
31964,0
31970,1
31974,0
31976,0
31978,0
31979,1
31981,0
31985,0
31988,0
31996,1
31999,1
32004,0
32010,1
32015,1
32018,1
32025,1
32027,1
32040,1
32041,1
32053,0
32055,1
32062,0
32063,0
32072,1
32077,0
32084,0
32090,1
32103,0
32104,0
32117,0
32122,0
32127,0
32133,1
32153,0
32155,0
32156,1
32160,0
32161,1
32168,1
32170,1
32172,0
32176,1
32177,0
32178,0
32179,0
32181,0
32189,0
32190,1
32198,0
32209,1
32211,0
32218,0
32220,0
32225,1
32234,0
32248,1
32250,0
32252,1
32261,0
32266,0
32272,0
32275,1
32277,0
32278,0
32280,0
32286,0
32296,0
32299,1
32300,0
32311,0
32314,0
32315,0
32318,0
32321,0
32322,0
32324,0
32326,0
32330,0
32338,0
32341,0
32342,0
32344,0
32347,1
32349,0
32376,0
32387,1
32389,0
32392,0
32393,1
32398,1
32402,0
32406,0
32407,1
32409,1
32412,0
32416,0
32426,1
32444,0
32451,0
32452,0
32457,1
32458,1
32467,0
32482,1
32483,0
32484,1
32488,0
32491,0
32492,0
32504,0
32505,0
32506,0
32510,0
32515,1
32519,1
32523,0
32525,0
32528,0
32548,0
32550,1
32557,0
32563,1
32573,0
32575,1
32595,0
32600,0
32601,1
32603,0
32605,0
32607,1
32608,1
32610,0
32616,1
32617,1
32623,1
32628,1
32631,1
32635,0
32639,1
32647,0
32654,0
32655,0
32663,0
32669,0
32673,1
32681,1
32686,0
32689,0
32692,1
32700,0
32709,1
32714,1
32717,0
32722,0
32727,1
32744,0
32748,0
32750,0
32763,1
32764,0
32767,1
32770,0
32773,1
32774,0
32779,0
32783,1
32788,0
32789,1
32796,0
32802,1
32805,0
32811,0
32821,0
32825,0
32843,0
32849,0
32858,0
32862,0
32869,1
32875,0
32877,0
32885,1
32887,0
32889,1
32902,1
32905,0
32912,1
32913,0
32914,1
32920,0
32921,1
32922,0
32923,0
32935,0
32940,0
32943,1
32948,1
32950,1
32952,1
32962,0
32973,0
32978,1
32979,0
32980,1
32982,0
32995,0
32999,0
33004,0
33011,1
33022,1
33024,0
33029,0
33031,1
33032,0
33034,0
33037,0
33038,1
33042,1
33044,1
33055,0
33059,1
33060,0
33061,0
33076,0
33079,0
33081,1
33086,1
33090,1
33104,0
33107,1
33113,1
33114,1
33118,0
33119,0
33124,1
33126,0
33132,0
33140,0
33142,0
33145,1
33151,1
33155,0
33158,1
33159,0
33161,0
33165,0
33169,1
33173,0
33183,0
33189,1
33192,0
33198,0
33203,1
33204,1
33218,0
33225,1
33228,1
33233,0
33234,1
33238,0
33246,1
33249,0
33270,1
33274,0
33276,0
33278,0
33280,0
33282,1
33284,1
33285,1
33297,1
33300,0
33305,1
33306,0
33310,0
33321,1
33325,0
33326,0
33329,1
33338,0
33339,0
33343,0
33348,1
33352,0
33353,0
33362,0
33363,0
33364,0
33376,1
33377,0
33379,0
33380,0
33389,0
33394,0
33397,1
33399,0
33408,0
33411,1
33412,0
33426,0
33427,0
33435,1
33440,0
33450,0
33455,0
33459,0
33463,0
33470,0
33472,0
33473,0
33479,1
33495,1
33498,0
33504,0
33508,0
33513,1
33518,1
33519,1
33523,0
33527,0
33528,0
33529,1
33532,0
33543,0
33544,0
33545,1
33546,0
33549,0
33551,0
33552,1
33554,0
33556,0
33558,1
33561,0
33563,0
33567,1
33570,0
33571,0
33572,0
33573,0
33576,0
33577,0
33578,0
33579,0
33580,1
33584,0
33596,1
33597,1
33600,0
33610,0
33613,1
33616,0
33617,1
33623,0
33627,1
33630,0
33631,0
33633,0
33639,1
33648,1
33652,1
33654,1
33661,0
33662,0
33668,1
